,SNP,Chr,Pos,P.value,MAF,traits
4404,S5B_545794046,5B,545794046,2.847843e-11,0.4093656,MLM.ToxA
4405,S5B_545819992,5B,545819992,3.082913e-13,0.3867069,MLM.ToxA
4406,S5B_545943463,5B,545943463,4.509080e-14,0.3867069,MLM.ToxA
4407,S5B_545943469,5B,545943469,2.843489e-08,0.4864048,MLM.ToxA
4408,S5B_546537120,5B,546537120,8.064043e-08,0.4909366,MLM.ToxA
4409,S5B_546537137,5B,546537137,8.064043e-08,0.4909366,MLM.ToxA
4410,S5B_546537146,5B,546537146,8.064043e-08,0.4909366,MLM.ToxA
4411,S5B_546540709,5B,546540709,1.962927e-08,0.4848943,MLM.ToxA
4412,S5B_546540724,5B,546540724,1.962927e-08,0.4848943,MLM.ToxA
4413,S5B_546810215,5B,546810215,1.293130e-18,0.4380665,MLM.ToxA
4414,S5B_546810232,5B,546810232,7.974871e-12,0.4803625,MLM.ToxA
