SNP,Chromosome,Position ,P.value,maf,nobs,Rsquare.of.Model.without.SNP,Rsquare.of.Model.with.SNP,effect,Phenotype_Variance_Explained(%)
S5B_545794046,10,545794046,2.84784340217488e-11,0.409365558912387,331,0.228864592781034,0.339798098232383,-0.628611246335688,0
S5B_545819992,10,545819992,3.08291347512082e-13,0.386706948640483,331,0.228864592781034,0.36389103110936,-0.734413700830559,0
S5B_545943463,10,545943463,4.50907968177333e-14,0.386706948640483,331,0.228864592781034,0.374346255220259,0.751555363926377,1.40562408192218
S5B_545943469,10,545943469,2.8434886751587e-08,0.486404833836858,331,0.228864592781034,0.304462613516837,-0.51034076142283,1.53676899947369e-09
S5B_546537120,10,546537120,8.0640432515969e-08,0.490936555891239,331,0.228864592781034,0.299284126040219,-0.497743033948613,0
S5B_546537137,10,546537137,8.06404325159728e-08,0.490936555891239,331,0.228864592781034,0.299284126040218,0.497743033948612,0
S5B_546537146,10,546537146,8.06404325159728e-08,0.490936555891239,331,0.228864592781034,0.299284126040218,0.497743033948612,0
S5B_546540709,10,546540709,1.96292737901126e-08,0.484894259818731,331,0.228864592781034,0.306313774707449,-0.518585297589089,0
S5B_546540724,10,546540724,1.96292737901119e-08,0.484894259818731,331,0.228864592781034,0.306313774707449,0.51858529758909,0
S5B_546810215,10,546810215,1.29312982051495e-18,0.438066465256798,331,0.228864592781034,0.433567170944874,-0.899296577147844,5.98377993202942
S5B_546810232,10,546810232,7.97487079297956e-12,0.48036253776435,331,0.228864592781034,0.346499859467474,0.648089628602403,0
